{
    "name": "root",
    "gauges": {
        "CarImitationLearning.Policy.Entropy.mean": {
            "value": -5.799698829650879,
            "min": -5.799698829650879,
            "max": -2.5047194957733154,
            "count": 5
        },
        "CarImitationLearning.Policy.Entropy.sum": {
            "value": -57794.0,
            "min": -57794.0,
            "max": -25122.3359375,
            "count": 5
        },
        "CarImitationLearning.Step.mean": {
            "value": 49947.0,
            "min": 9966.0,
            "max": 49947.0,
            "count": 5
        },
        "CarImitationLearning.Step.sum": {
            "value": 49947.0,
            "min": 9966.0,
            "max": 49947.0,
            "count": 5
        },
        "CarImitationLearning.Policy.ExtrinsicValueEstimate.mean": {
            "value": -0.6351169943809509,
            "min": -5.049912929534912,
            "max": -0.16740942001342773,
            "count": 5
        },
        "CarImitationLearning.Policy.ExtrinsicValueEstimate.sum": {
            "value": -99.0782470703125,
            "min": -787.7864379882812,
            "max": -26.283279418945312,
            "count": 5
        },
        "CarImitationLearning.Policy.GailValueEstimate.mean": {
            "value": 15.909477233886719,
            "min": 15.909477233886719,
            "max": 192.9998321533203,
            "count": 5
        },
        "CarImitationLearning.Policy.GailValueEstimate.sum": {
            "value": 2481.87841796875,
            "min": 2481.87841796875,
            "max": 30107.974609375,
            "count": 5
        },
        "CarImitationLearning.Losses.PolicyLoss.mean": {
            "value": 0.25915023359937317,
            "min": 0.2530420702775397,
            "max": 0.2659058558563167,
            "count": 5
        },
        "CarImitationLearning.Losses.PolicyLoss.sum": {
            "value": 20.213718220751108,
            "min": 19.737281481648097,
            "max": 20.796301058269616,
            "count": 5
        },
        "CarImitationLearning.Losses.ValueLoss.mean": {
            "value": 4.910210438792586,
            "min": 3.771317783692877,
            "max": 3032.8947954174487,
            "count": 5
        },
        "CarImitationLearning.Losses.ValueLoss.sum": {
            "value": 382.9964142258217,
            "min": 297.9341049117373,
            "max": 236565.794042561,
            "count": 5
        },
        "CarImitationLearning.Policy.LearningRate.mean": {
            "value": 0.0002729827782365128,
            "min": 0.0002729827782365128,
            "max": 0.0002969707856251231,
            "count": 5
        },
        "CarImitationLearning.Policy.LearningRate.sum": {
            "value": 0.021292656702448,
            "min": 0.021292656702448,
            "max": 0.0231637212787596,
            "count": 5
        },
        "CarImitationLearning.Policy.Epsilon.mean": {
            "value": 0.1909942564102564,
            "min": 0.1909942564102564,
            "max": 0.19899026153846153,
            "count": 5
        },
        "CarImitationLearning.Policy.Epsilon.sum": {
            "value": 14.897552000000001,
            "min": 14.897552000000001,
            "max": 15.5212404,
            "count": 5
        },
        "CarImitationLearning.Policy.Beta.mean": {
            "value": 0.0005000000000000001,
            "min": 0.0005000000000000001,
            "max": 0.0005000000000000001,
            "count": 5
        },
        "CarImitationLearning.Policy.Beta.sum": {
            "value": 0.03900000000000001,
            "min": 0.03900000000000001,
            "max": 0.03950000000000001,
            "count": 5
        },
        "CarImitationLearning.Policy.GAILPolicyEstimate.mean": {
            "value": 0.14229880451381294,
            "min": 0.14229880451381294,
            "max": 0.28922055328670404,
            "count": 5
        },
        "CarImitationLearning.Policy.GAILPolicyEstimate.sum": {
            "value": 11.099306752077409,
            "min": 11.099306752077409,
            "max": 22.559203156362916,
            "count": 5
        },
        "CarImitationLearning.Policy.GAILExpertEstimate.mean": {
            "value": 0.805302721567643,
            "min": 0.791580916536266,
            "max": 0.8830821562893274,
            "count": 5
        },
        "CarImitationLearning.Policy.GAILExpertEstimate.sum": {
            "value": 62.81361228227616,
            "min": 61.74331148982875,
            "max": 68.88040819056754,
            "count": 5
        },
        "CarImitationLearning.Losses.GAILLoss.mean": {
            "value": 0.4210150571874319,
            "min": 0.4210150571874319,
            "max": 2.7215419169319333,
            "count": 5
        },
        "CarImitationLearning.Losses.GAILLoss.sum": {
            "value": 32.83917446061969,
            "min": 32.83917446061969,
            "max": 212.2802695206908,
            "count": 5
        },
        "CarImitationLearning.Policy.GAILGradMagLoss.mean": {
            "value": 0.40387909945320766,
            "min": 0.40387909945320766,
            "max": 7.961397851973858,
            "count": 5
        },
        "CarImitationLearning.Policy.GAILGradMagLoss.sum": {
            "value": 31.502569757350198,
            "min": 31.502569757350198,
            "max": 620.9890324539609,
            "count": 5
        },
        "CarImitationLearning.Losses.PretrainingLoss.mean": {
            "value": 0.12346436862434317,
            "min": 0.11681392502634293,
            "max": 0.6707009998102735,
            "count": 5
        },
        "CarImitationLearning.Losses.PretrainingLoss.sum": {
            "value": 9.630220752698767,
            "min": 9.111486152054749,
            "max": 52.314677985201335,
            "count": 5
        },
        "CarImitationLearning.Environment.EpisodeLength.mean": {
            "value": 3000.6666666666665,
            "min": 3000.5,
            "max": 3001.0,
            "count": 5
        },
        "CarImitationLearning.Environment.EpisodeLength.sum": {
            "value": 9002.0,
            "min": 9002.0,
            "max": 12002.0,
            "count": 5
        },
        "CarImitationLearning.Environment.CumulativeReward.mean": {
            "value": -172.00001438458762,
            "min": -241.03335412343344,
            "max": -71.3333386182785,
            "count": 5
        },
        "CarImitationLearning.Environment.CumulativeReward.sum": {
            "value": -516.0000431537628,
            "min": -723.1000623703003,
            "max": -214.0000158548355,
            "count": 5
        },
        "CarImitationLearning.Policy.ExtrinsicReward.mean": {
            "value": -17.20000118513902,
            "min": -24.10333501547575,
            "max": -7.1333337898055715,
            "count": 5
        },
        "CarImitationLearning.Policy.ExtrinsicReward.sum": {
            "value": -51.60000355541706,
            "min": -72.31000504642725,
            "max": -21.400001369416714,
            "count": 5
        },
        "CarImitationLearning.Policy.GailReward.mean": {
            "value": 507.79628121852875,
            "min": 507.79628121852875,
            "max": 7202.861777065184,
            "count": 5
        },
        "CarImitationLearning.Policy.GailReward.sum": {
            "value": 1523.3888436555862,
            "min": 1523.3888436555862,
            "max": 21608.58533119555,
            "count": 5
        },
        "CarImitationLearning.IsTraining.mean": {
            "value": 1.0,
            "min": 1.0,
            "max": 1.0,
            "count": 5
        },
        "CarImitationLearning.IsTraining.sum": {
            "value": 1.0,
            "min": 1.0,
            "max": 1.0,
            "count": 5
        }
    },
    "metadata": {
        "timer_format_version": "0.1.0",
        "start_time_seconds": "1702043563",