{
    "name": "root",
    "metadata": {
        "timer_format_version": "0.1.0",
        "start_time_seconds": "1701257987",
        "python_version": "3.10.3 (tags/v3.10.3:a342a49, Mar 16 2022, 13:07:40) [MSC v.1929 64 bit (AMD64)]",
        "command_line_arguments": "F:\\Unity\\KI Abgabe\\MLvenv\\Scripts\\mlagents-learn --run-id =PelletGrabberRun1",
        "mlagents_version": "1.0.0",
        "mlagents_envs_version": "1.0.0",
        "communication_protocol_version": "1.5.0",
        "pytorch_version": "2.1.1+cpu",
        "numpy_version": "1.21.2",
        "end_time_seconds": "1701258281"
    },
    "total": 294.48520280001685,
    "count": 1,
    "self": 0.008670700015500188,
    "children": {
        "run_training.setup": {
            "total": 0.0756859999964945,
            "count": 1,
            "self": 0.0756859999964945
        },
        "TrainerController.start_learning": {
            "total": 294.40084610000486,
            "count": 1,
            "self": 0.722083302331157,
            "children": {
                "TrainerController._reset_env": {
                    "total": 53.61015319998842,
                    "count": 1,
                    "self": 53.61015319998842
                },
                "TrainerController.advance": {
                    "total": 239.87703599769156,
                    "count": 36910,
                    "self": 0.7190233027213253,
                    "children": {
                        "env_step": {
                            "total": 230.48906409862684,
                            "count": 36910,
                            "self": 181.5116897909902,
                            "children": {
                                "SubprocessEnvManager._take_step": {
                                    "total": 48.50170360400807,
                                    "count": 36911,
                                    "self": 1.7647784015280195,
                                    "children": {
                                        "TorchPolicy.evaluate": {
                                            "total": 46.73692520248005,
                                            "count": 36885,
                                            "self": 46.73692520248005
                                        }
                                    }
                                },
                                "workers": {
                                    "total": 0.4756707036285661,
                                    "count": 36909,
                                    "self": 0.0,
                                    "children": {
                                        "worker_root": {
                                            "total": 228.57015579985455,
                                            "count": 36909,
                                            "is_parallel": true,
                                            "self": 89.67132929881336,
                                            "children": {
                                                "steps_from_proto": {
                                                    "total": 0.003122400026768446,
                                                    "count": 1,
                                                    "is_parallel": true,
                                                    "self": 0.0008421000675298274,
                                                    "children": {
                                                        "_process_rank_one_or_two_observation": {
                                                            "total": 0.0022802999592386186,
                                                            "count": 2,
                                                            "is_parallel": true,
                                                            "self": 0.0022802999592386186
                                                        }
                                                    }
                                                },
                                                "UnityEnvironment.step": {
                                                    "total": 138.89570410101442,
                                                    "count": 36909,
                                                    "is_parallel": true,
                                                    "self": 2.528916601964738,
                                                    "children": {
                                                        "UnityEnvironment._generate_step_input": {
                                                            "total": 2.2627545939176343,
                                                            "count": 36909,
                                                            "is_parallel": true,
                                                            "self": 2.2627545939176343
                                                        },
                                                        "communicator.exchange": {
                                                            "total": 125.72968080348801,
                                                            "count": 36909,
                                                            "is_parallel": true,
                                                            "self": 125.72968080348801
                                                        },
                                                        "steps_from_proto": {
                                                            "total": 8.374352101644035,
                                                            "count": 36909,
                                                            "is_parallel": true,
                                                            "self": 5.145000402524602,
                                                            "children": {
                                                                "_process_rank_one_or_two_observation": {
                                                                    "total": 3.2293516991194338,
                                                                    "count": 73818,
                                                                    "is_parallel": true,
                                                                    "self": 3.2293516991194338
                                                                }
                                                            }
                                                        }
                                                    }
                                                }
                                            }
                                        }
                                    }
                                }
                            }
                        },
                        "trainer_advance": {
                            "total": 8.668948596343398,
                            "count": 36909,
                            "self": 0.7711227984400466,
                            "children": {
                                "process_trajectory": {
                                    "total": 2.335879197809845,
                                    "count": 36909,
                                    "self": 2.335879197809845
                                },
                                "_update_policy": {
                                    "total": 5.561946600093506,
                                    "count": 3,
                                    "self": 3.90038430003915,
                                    "children": {
                                        "TorchPPOOptimizer.update": {
                                            "total": 1.6615623000543565,
                                            "count": 90,