{
    "name": "root",
    "metadata": {
        "timer_format_version": "0.1.0",
        "start_time_seconds": "1701692645",
        "python_version": "3.10.3 (tags/v3.10.3:a342a49, Mar 16 2022, 13:07:40) [MSC v.1929 64 bit (AMD64)]",
        "command_line_arguments": "F:\\Unity\\KI Abgabe\\MLvenv\\Scripts\\mlagents-learn --run-id =CarLobotomy --time-scale 1",
        "mlagents_version": "1.0.0",
        "mlagents_envs_version": "1.0.0",
        "communication_protocol_version": "1.5.0",
        "pytorch_version": "2.1.1+cpu",
        "numpy_version": "1.21.2",
        "end_time_seconds": "1701694384"
    },
    "total": 1738.9825389999896,
    "count": 1,
    "self": 0.01046330004464835,
    "children": {
        "run_training.setup": {
            "total": 0.016986100003123283,
            "count": 1,
            "self": 0.016986100003123283
        },
        "TrainerController.start_learning": {
            "total": 1738.9550895999419,
            "count": 1,
            "self": 0.8732057922752574,
            "children": {
                "TrainerController._reset_env": {
                    "total": 10.514924000017345,
                    "count": 1,
                    "self": 10.514924000017345
                },
                "TrainerController.advance": {
                    "total": 1727.4430654075695,
                    "count": 45008,
                    "self": 0.8684914308832958,
                    "children": {
                        "env_step": {
                            "total": 1710.8777387854643,
                            "count": 45008,
                            "self": 1649.0609421924455,
                            "children": {
                                "SubprocessEnvManager._take_step": {
                                    "total": 61.20136150880717,
                                    "count": 45008,
                                    "self": 2.152471215929836,
                                    "children": {
                                        "TorchPolicy.evaluate": {
                                            "total": 59.04889029287733,
                                            "count": 44656,
                                            "self": 59.04889029287733
                                        }
                                    }
                                },
                                "workers": {
                                    "total": 0.6154350842116401,
                                    "count": 45007,
                                    "self": 0.0,
                                    "children": {
                                        "worker_root": {
                                            "total": 1727.5329664100427,
                                            "count": 45007,
                                            "is_parallel": true,
                                            "self": 118.34871521929745,
                                            "children": {
                                                "steps_from_proto": {
                                                    "total": 0.0003665999975055456,
                                                    "count": 1,
                                                    "is_parallel": true,
                                                    "self": 0.00016050005797296762,
                                                    "children": {
                                                        "_process_rank_one_or_two_observation": {
                                                            "total": 0.000206099939532578,
                                                            "count": 6,
                                                            "is_parallel": true,
                                                            "self": 0.000206099939532578
                                                        }
                                                    }
                                                },
                                                "UnityEnvironment.step": {
                                                    "total": 1609.1838845907478,
                                                    "count": 45007,
                                                    "is_parallel": true,
                                                    "self": 3.47166246722918,
                                                    "children": {
                                                        "UnityEnvironment._generate_step_input": {
                                                            "total": 2.741384007735178,
                                                            "count": 45007,
                                                            "is_parallel": true,
                                                            "self": 2.741384007735178
                                                        },
                                                        "communicator.exchange": {
                                                            "total": 1588.5447205038508,
                                                            "count": 45007,
                                                            "is_parallel": true,
                                                            "self": 1588.5447205038508
                                                        },
                                                        "steps_from_proto": {
                                                            "total": 14.426117611932568,
                                                            "count": 45007,
                                                            "is_parallel": true,
                                                            "self": 6.6715011281194165,
                                                            "children": {
                                                                "_process_rank_one_or_two_observation": {
                                                                    "total": 7.754616483813152,
                                                                    "count": 270042,
                                                                    "is_parallel": true,
                                                                    "self": 7.754616483813152
                                                                }
                                                            }
                                                        }
                                                    }
                                                }
                                            }
                                        }
                                    }
                                }
                            }
                        },
                        "trainer_advance": {
                            "total": 15.696835191221908,
                            "count": 45007,
                            "self": 1.0382585085462779,
                            "children": {
                                "process_trajectory": {
                                    "total": 4.514604882686399,
                                    "count": 45007,
                                    "self": 4.514604882686399
                                },
                                "_update_policy": {
                                    "total": 10.143971799989231,
                                    "count": 4,
                                    "self": 6.372140500345267,
                                    "children": {
                                        "TorchPPOOptimizer.update": {
                                            "total": 3.7718312996439636,
                                            "count": 120,