{
    "name": "root",
    "gauges": {
        "SimpleCar.Policy.Entropy.mean": {
            "value": 1.3124529123306274,
            "min": 1.3124529123306274,
            "max": 1.3124529123306274,
            "count": 1
        },
        "SimpleCar.Policy.Entropy.sum": {
            "value": 78836.421875,
            "min": 78836.421875,
            "max": 78836.421875,
            "count": 1
        },
        "SimpleCar.Step.mean": {
            "value": 59981.0,
            "min": 59981.0,
            "max": 59981.0,
            "count": 1
        },
        "SimpleCar.Step.sum": {
            "value": 59981.0,
            "min": 59981.0,
            "max": 59981.0,
            "count": 1
        },
        "SimpleCar.Policy.ExtrinsicValueEstimate.mean": {
            "value": 0.09033061563968658,
            "min": 0.09033061563968658,
            "max": 0.09033061563968658,
            "count": 1
        },
        "SimpleCar.Policy.ExtrinsicValueEstimate.sum": {
            "value": 86.44639587402344,
            "min": 86.44639587402344,
            "max": 86.44639587402344,
            "count": 1
        },
        "SimpleCar.Policy.GailValueEstimate.mean": {
            "value": 0.2504016160964966,
            "min": 0.2504016160964966,
            "max": 0.2504016160964966,
            "count": 1
        },
        "SimpleCar.Policy.GailValueEstimate.sum": {
            "value": 239.63433837890625,
            "min": 239.63433837890625,
            "max": 239.63433837890625,
            "count": 1
        },
        "SimpleCar.Losses.PolicyLoss.mean": {
            "value": 0.06604429002115733,
            "min": 0.06604429002115733,
            "max": 0.06604429002115733,
            "count": 1
        },
        "SimpleCar.Losses.PolicyLoss.sum": {
            "value": 1.7171515405500908,
            "min": 1.7171515405500908,
            "max": 1.7171515405500908,
            "count": 1
        },
        "SimpleCar.Losses.ValueLoss.mean": {
            "value": 0.0175104012614559,
            "min": 0.0175104012614559,
            "max": 0.0175104012614559,
            "count": 1
        },
        "SimpleCar.Losses.ValueLoss.sum": {
            "value": 0.45527043279785345,
            "min": 0.45527043279785345,
            "max": 0.45527043279785345,
            "count": 1
        },
        "SimpleCar.Policy.LearningRate.mean": {
            "value": 0.0002085821843187692,
            "min": 0.0002085821843187692,
            "max": 0.0002085821843187692,
            "count": 1
        },
        "SimpleCar.Policy.LearningRate.sum": {
            "value": 0.005423136792287999,
            "min": 0.005423136792287999,
            "max": 0.005423136792287999,
            "count": 1
        },
        "SimpleCar.Policy.Epsilon.mean": {
            "value": 0.1695273846153846,
            "min": 0.1695273846153846,
            "max": 0.1695273846153846,
            "count": 1
        },
        "SimpleCar.Policy.Epsilon.sum": {
            "value": 4.407712,
            "min": 4.407712,
            "max": 4.407712,
            "count": 1
        },
        "SimpleCar.Policy.Beta.mean": {
            "value": 0.006955785723076923,
            "min": 0.006955785723076923,
            "max": 0.006955785723076923,
            "count": 1
        },
        "SimpleCar.Policy.Beta.sum": {
            "value": 0.1808504288,
            "min": 0.1808504288,
            "max": 0.1808504288,
            "count": 1
        },
        "SimpleCar.Policy.GAILPolicyEstimate.mean": {
            "value": 0.2244742784079992,
            "min": 0.2244742784079992,
            "max": 0.2244742784079992,
            "count": 1
        },
        "SimpleCar.Policy.GAILPolicyEstimate.sum": {
            "value": 5.836331238607979,
            "min": 5.836331238607979,
            "max": 5.836331238607979,
            "count": 1
        },
        "SimpleCar.Policy.GAILExpertEstimate.mean": {
            "value": 0.764618594114512,
            "min": 0.764618594114512,
            "max": 0.764618594114512,
            "count": 1
        },
        "SimpleCar.Policy.GAILExpertEstimate.sum": {
            "value": 19.880083446977313,
            "min": 19.880083446977313,
            "max": 19.880083446977313,
            "count": 1
        },
        "SimpleCar.Losses.GAILLoss.mean": {
            "value": 0.5917430649699904,
            "min": 0.5917430649699904,
            "max": 0.5917430649699904,
            "count": 1
        },
        "SimpleCar.Losses.GAILLoss.sum": {
            "value": 15.38531968921975,
            "min": 15.38531968921975,
            "max": 15.38531968921975,
            "count": 1
        },
        "SimpleCar.Policy.GAILGradMagLoss.mean": {
            "value": 0.7663662659340642,
            "min": 0.7663662659340642,
            "max": 0.7663662659340642,
            "count": 1
        },
        "SimpleCar.Policy.GAILGradMagLoss.sum": {
            "value": 19.92552291428567,
            "min": 19.92552291428567,
            "max": 19.92552291428567,
            "count": 1
        },
        "SimpleCar.Losses.PretrainingLoss.mean": {
            "value": 0.30907329072374873,
            "min": 0.30907329072374873,
            "max": 0.30907329072374873,
            "count": 1
        },
        "SimpleCar.Losses.PretrainingLoss.sum": {
            "value": 8.035905558817467,
            "min": 8.035905558817467,
            "max": 8.035905558817467,
            "count": 1
        },
        "SimpleCar.Environment.EpisodeLength.mean": {
            "value": 1500.7,
            "min": 1500.7,
            "max": 1500.7,
            "count": 1
        },
        "SimpleCar.Environment.EpisodeLength.sum": {
            "value": 60028.0,
            "min": 60028.0,
            "max": 60028.0,
            "count": 1
        },
        "SimpleCar.Environment.CumulativeReward.mean": {
            "value": 8.0,
            "min": 8.0,
            "max": 8.0,
            "count": 1
        },
        "SimpleCar.Environment.CumulativeReward.sum": {
            "value": 296.0,
            "min": 296.0,
            "max": 296.0,
            "count": 1
        },
        "SimpleCar.Policy.ExtrinsicReward.mean": {
            "value": 8.0,
            "min": 8.0,
            "max": 8.0,
            "count": 1
        },
        "SimpleCar.Policy.ExtrinsicReward.sum": {
            "value": 296.0,
            "min": 296.0,
            "max": 296.0,
            "count": 1
        },
        "SimpleCar.Policy.GailReward.mean": {
            "value": 5.577023706927493,
            "min": 5.577023706927493,
            "max": 5.577023706927493,
            "count": 1
        },
        "SimpleCar.Policy.GailReward.sum": {
            "value": 206.34987715631723,
            "min": 206.34987715631723,
            "max": 206.34987715631723,
            "count": 1
        },
        "SimpleCar.IsTraining.mean": {
            "value": 1.0,
            "min": 1.0,
            "max": 1.0,
            "count": 1
        },
        "SimpleCar.IsTraining.sum": {
            "value": 1.0,
            "min": 1.0,
            "max": 1.0,
            "count": 1
        }
    },
    "metadata": {
        "timer_format_version": "0.1.0",
        "start_time_seconds": "1702470248",
        "python_version": "3.10.3 (tags/v3.10.3:a342a49, Mar 16 2022, 13:07:40) [MSC v.1929 64 bit (AMD64)]",
        "command_line_arguments": "F:\\Unity\\KI Abgabe\\MLvenv\\Scripts\\mlagents-learn config/sCarIL.yaml --run-id =SCarComplexCourse --time-scale 1",
        "mlagents_version": "1.0.0",
        "mlagents_envs_version": "1.0.0",
        "communication_protocol_version": "1.5.0",
        "pytorch_version": "2.1.1+cu121",
        "numpy_version": "1.21.2",
        "end_time_seconds": "1702470718"
    },
    "total": 469.82873160002055,
    "count": 1,
    "self": 0.013138700043782592,