{
    "name": "root",
    "metadata": {
        "timer_format_version": "0.1.0",
        "start_time_seconds": "1701959325",
        "python_version": "3.10.3 (tags/v3.10.3:a342a49, Mar 16 2022, 13:07:40) [MSC v.1929 64 bit (AMD64)]",
        "command_line_arguments": "F:\\Unity\\KI Abgabe\\MLvenv\\Scripts\\mlagents-learn config/carIL.yaml --run-id =CarILRoundTrack --time-scale 1",
        "mlagents_version": "1.0.0",
        "mlagents_envs_version": "1.0.0",
        "communication_protocol_version": "1.5.0",
        "pytorch_version": "2.1.1+cu121",
        "numpy_version": "1.21.2",
        "end_time_seconds": "1701959960"
    },
    "total": 634.9763987998012,
    "count": 1,
    "self": 0.0072917998768389225,
    "children": {
        "run_training.setup": {
            "total": 0.07142900000326335,
            "count": 1,
            "self": 0.07142900000326335
        },
        "TrainerController.start_learning": {
            "total": 634.8976779999211,
            "count": 1,
            "self": 0.02122370107099414,
            "children": {
                "TrainerController._reset_env": {
                    "total": 38.09850090020336,
                    "count": 1,
                    "self": 9.669708300149068,
                    "children": {
                        "demo_to_buffer": {
                            "total": 28.428792600054294,
                            "count": 2,
                            "self": 0.0005527001339942217,
                            "children": {
                                "load_demonstration": {
                                    "total": 0.5374099998734891,
                                    "count": 2,
                                    "self": 0.4728592997416854,
                                    "children": {
                                        "read_file": {
                                            "total": 0.06455070013180375,
                                            "count": 2,
                                            "self": 0.06455070013180375
                                        }
                                    }
                                },
                                "make_demo_buffer": {
                                    "total": 27.89082990004681,
                                    "count": 2,
                                    "self": 3.717318459181115,
                                    "children": {
                                        "steps_from_proto": {
                                            "total": 24.173511440865695,
                                            "count": 140216,
                                            "self": 11.955446870299056,
                                            "children": {
                                                "_process_rank_one_or_two_observation": {
                                                    "total": 12.21806457056664,
                                                    "count": 841296,
                                                    "self": 12.21806457056664
                                                }
                                            }
                                        }
                                    }
                                }
                            }
                        }
                    }
                },
                "TrainerController.advance": {
                    "total": 596.5585878985003,
                    "count": 1408,
                    "self": 0.019504999741911888,
                    "children": {
                        "env_step": {
                            "total": 15.132095305249095,
                            "count": 1408,
                            "self": 9.576193106826395,
                            "children": {
                                "SubprocessEnvManager._take_step": {
                                    "total": 5.542133999057114,
                                    "count": 1408,
                                    "self": 0.07147489720955491,
                                    "children": {
                                        "TorchPolicy.evaluate": {
                                            "total": 5.470659101847559,
                                            "count": 1408,
                                            "self": 5.470659101847559
                                        }
                                    }
                                },
                                "workers": {
                                    "total": 0.013768199365586042,
                                    "count": 1408,
                                    "self": 0.0,
                                    "children": {
                                        "worker_root": {
                                            "total": 615.5250091999769,
                                            "count": 1408,
                                            "is_parallel": true,
                                            "self": 607.0913512960542,
                                            "children": {
                                                "steps_from_proto": {
                                                    "total": 0.0041449000127613544,
                                                    "count": 1,
                                                    "is_parallel": true,
                                                    "self": 0.0011567003093659878,
                                                    "children": {
                                                        "_process_rank_one_or_two_observation": {
                                                            "total": 0.0029881997033953667,
                                                            "count": 6,
                                                            "is_parallel": true,
                                                            "self": 0.0029881997033953667
                                                        }
                                                    }
                                                },
                                                "UnityEnvironment.step": {
                                                    "total": 8.42951300390996,
                                                    "count": 1408,
                                                    "is_parallel": true,
                                                    "self": 0.1003353965934366,
                                                    "children": {
                                                        "UnityEnvironment._generate_step_input": {
                                                            "total": 0.08578520291484892,
                                                            "count": 1408,
                                                            "is_parallel": true,
                                                            "self": 0.08578520291484892
                                                        },
                                                        "communicator.exchange": {
                                                            "total": 7.834211294772103,
                                                            "count": 1408,
                                                            "is_parallel": true,
                                                            "self": 7.834211294772103
                                                        },
                                                        "steps_from_proto": {
                                                            "total": 0.40918110962957144,
                                                            "count": 1408,
                                                            "is_parallel": true,