{
    "name": "root",
    "gauges": {
        "AgentController.Policy.Entropy.mean": {
            "value": 1.3821837902069092,
            "min": 1.3821837902069092,
            "max": 1.4233957529067993,
            "count": 6
        },
        "AgentController.Policy.Entropy.sum": {
            "value": 68998.6171875,
            "min": 68998.6171875,
            "max": 75792.9765625,
            "count": 6
        },
        "AgentController.Step.mean": {
            "value": 299976.0,
            "min": 49953.0,
            "max": 299976.0,
            "count": 6
        },
        "AgentController.Step.sum": {
            "value": 299976.0,
            "min": 49953.0,
            "max": 299976.0,
            "count": 6
        },
        "AgentController.Policy.ExtrinsicValueEstimate.mean": {
            "value": 7.290834903717041,
            "min": -0.008876612409949303,
            "max": 7.290834903717041,
            "count": 6
        },
        "AgentController.Policy.ExtrinsicValueEstimate.sum": {
            "value": 8435.49609375,
            "min": -6.968140602111816,
            "max": 8435.49609375,
            "count": 6
        },
        "AgentController.Losses.PolicyLoss.mean": {
            "value": 0.02217035056402286,
            "min": 0.021981633023824543,
            "max": 0.025756004734453983,
            "count": 6
        },
        "AgentController.Losses.PolicyLoss.sum": {
            "value": 0.11085175282011431,
            "min": 0.08792653209529817,
            "max": 0.12353766021939615,
            "count": 6
        },
        "AgentController.Losses.ValueLoss.mean": {
            "value": 0.12425860951344173,
            "min": 0.04116045019939617,
            "max": 2.6623294337590533,
            "count": 6
        },
        "AgentController.Losses.ValueLoss.sum": {
            "value": 0.6212930475672086,
            "min": 0.16464180079758467,
            "max": 13.311647168795266,
            "count": 6
        },
        "AgentController.Policy.LearningRate.mean": {
            "value": 0.00013569785476739998,
            "min": 0.00013569785476739998,
            "max": 0.00028161705612764996,
            "count": 6
        },
        "AgentController.Policy.LearningRate.sum": {
            "value": 0.000678489273837,
            "min": 0.000678489273837,
            "max": 0.0011264682245105998,
            "count": 6
        },
        "AgentController.Policy.Epsilon.mean": {
            "value": 0.14523260000000002,
            "min": 0.14523260000000002,
            "max": 0.19387235,
            "count": 6
        },
        "AgentController.Policy.Epsilon.sum": {
            "value": 0.7261630000000001,
            "min": 0.7002675999999999,
            "max": 0.8290703999999999,
            "count": 6
        },
        "AgentController.Policy.Beta.mean": {
            "value": 0.00226710674,
            "min": 0.00226710674,
            "max": 0.004694230265,
            "count": 6
        },
        "AgentController.Policy.Beta.sum": {
            "value": 0.0113355337,
            "min": 0.0113355337,
            "max": 0.01877692106,
            "count": 6
        },
        "AgentController.Environment.EpisodeLength.mean": {
            "value": 55.9402480270575,
            "min": 55.9402480270575,
            "max": 1225.96,
            "count": 6
        },
        "AgentController.Environment.EpisodeLength.sum": {
            "value": 49619.0,
            "min": 6743.0,
            "max": 104958.0,
            "count": 6
        },
        "AgentController.Environment.CumulativeReward.mean": {
            "value": 10.0,
            "min": -5.0,
            "max": 10.0,
            "count": 6
        },
        "AgentController.Environment.CumulativeReward.sum": {
            "value": 8870.0,
            "min": -50.0,
            "max": 8870.0,
            "count": 6
        },
        "AgentController.Policy.ExtrinsicReward.mean": {
            "value": 10.0,
            "min": -5.0,
            "max": 10.0,
            "count": 6
        },
        "AgentController.Policy.ExtrinsicReward.sum": {
            "value": 8870.0,
            "min": -50.0,
            "max": 8870.0,
            "count": 6
        },
        "AgentController.IsTraining.mean": {
            "value": 1.0,
            "min": 1.0,
            "max": 1.0,
            "count": 6
        },
        "AgentController.IsTraining.sum": {
            "value": 1.0,
            "min": 1.0,
            "max": 1.0,
            "count": 6
        }
    },
    "metadata": {
        "timer_format_version": "0.1.0",
        "start_time_seconds": "1702042418",
        "python_version": "3.10.3 (tags/v3.10.3:a342a49, Mar 16 2022, 13:07:40) [MSC v.1929 64 bit (AMD64)]",
        "command_line_arguments": "F:\\Unity\\KI Abgabe\\MLvenv\\Scripts\\mlagents-learn --run-id =GpuLoadTest",
        "mlagents_version": "1.0.0",
        "mlagents_envs_version": "1.0.0",
        "communication_protocol_version": "1.5.0",
        "pytorch_version": "2.1.1+cu121",
        "numpy_version": "1.21.2",
        "end_time_seconds": "1702042578"
    },
    "total": 159.74688390000006,
    "count": 1,
    "self": 0.004378800000154115,
    "children": {
        "run_training.setup": {
            "total": 0.016538399999944886,
            "count": 1,
            "self": 0.016538399999944886
        },
        "TrainerController.start_learning": {
            "total": 159.72596669999996,
            "count": 1,
            "self": 0.1487382999956708,
            "children": {
                "TrainerController._reset_env": {
                    "total": 8.518887099999915,
                    "count": 1,
                    "self": 8.518887099999915
                },
                "TrainerController.advance": {
                    "total": 150.9054771000043,
                    "count": 7661,
                    "self": 0.13270759999818438,
                    "children": {
                        "env_step": {
                            "total": 74.24786860000495,
                            "count": 7661,
                            "self": 58.022853700005044,
                            "children": {
                                "SubprocessEnvManager._take_step": {
                                    "total": 16.144043899997655,
                                    "count": 7661,
                                    "self": 0.4019972999924448,
                                    "children": {
                                        "TorchPolicy.evaluate": {
                                            "total": 15.74204660000521,
                                            "count": 5382,
                                            "self": 15.74204660000521
                                        }
                                    }
                                },
                                "workers": {
                                    "total": 0.08097100000225055,
                                    "count": 7661,
                                    "self": 0.0,
                                    "children": {
                                        "worker_root": {
                                            "total": 151.31177010000033,
                                            "count": 7661,
                                            "is_parallel": true,
                                            "self": 106.90536260000147,
                                            "children": {
                                                "steps_from_proto": {
                                                    "total": 0.0006891000000450731,
                                                    "count": 1,
                                                    "is_parallel": true,
                                                    "self": 0.00025340000001961016,