{
    "name": "root",
    "metadata": {
        "timer_format_version": "0.1.0",
        "start_time_seconds": "1701691665",
        "python_version": "3.10.3 (tags/v3.10.3:a342a49, Mar 16 2022, 13:07:40) [MSC v.1929 64 bit (AMD64)]",
        "command_line_arguments": "F:\\Unity\\KI Abgabe\\MLvenv\\Scripts\\mlagents-learn --run-id =CarDwts --time-scale 1",
        "mlagents_version": "1.0.0",
        "mlagents_envs_version": "1.0.0",
        "communication_protocol_version": "1.5.0",
        "pytorch_version": "2.1.1+cpu",
        "numpy_version": "1.21.2",
        "end_time_seconds": "1701691729"
    },
    "total": 64.14278160000686,
    "count": 1,
    "self": 0.007779300096444786,
    "children": {
        "run_training.setup": {
            "total": 0.024399799993261695,
            "count": 1,
            "self": 0.024399799993261695
        },
        "TrainerController.start_learning": {
            "total": 64.11060249991715,
            "count": 1,
            "self": 0.024551701033487916,
            "children": {
                "TrainerController._reset_env": {
                    "total": 10.328915099962614,
                    "count": 1,
                    "self": 10.328915099962614
                },
                "TrainerController.advance": {
                    "total": 53.63820429891348,
                    "count": 1296,
                    "self": 0.02534409984946251,
                    "children": {
                        "env_step": {
                            "total": 53.48270529904403,
                            "count": 1296,
                            "self": 51.64353720052168,
                            "children": {
                                "SubprocessEnvManager._take_step": {
                                    "total": 1.8225997990230098,
                                    "count": 1296,
                                    "self": 0.06164819758851081,
                                    "children": {
                                        "TorchPolicy.evaluate": {
                                            "total": 1.760951601434499,
                                            "count": 1291,
                                            "self": 1.760951601434499
                                        }
                                    }
                                },
                                "workers": {
                                    "total": 0.016568299499340355,
                                    "count": 1295,
                                    "self": 0.0,
                                    "children": {
                                        "worker_root": {
                                            "total": 53.99052440014202,
                                            "count": 1295,
                                            "is_parallel": true,
                                            "self": 3.5221281008562073,
                                            "children": {
                                                "steps_from_proto": {
                                                    "total": 0.00042890000622719526,
                                                    "count": 1,
                                                    "is_parallel": true,
                                                    "self": 0.0002248998498544097,
                                                    "children": {
                                                        "_process_rank_one_or_two_observation": {
                                                            "total": 0.00020400015637278557,
                                                            "count": 6,
                                                            "is_parallel": true,
                                                            "self": 0.00020400015637278557
                                                        }
                                                    }
                                                },
                                                "UnityEnvironment.step": {
                                                    "total": 50.46796739927959,
                                                    "count": 1295,
                                                    "is_parallel": true,
                                                    "self": 0.1006443933583796,
                                                    "children": {
                                                        "UnityEnvironment._generate_step_input": {
                                                            "total": 0.07911340065766126,
                                                            "count": 1295,
                                                            "is_parallel": true,
                                                            "self": 0.07911340065766126
                                                        },
                                                        "communicator.exchange": {
                                                            "total": 49.86854000587482,
                                                            "count": 1295,
                                                            "is_parallel": true,
                                                            "self": 49.86854000587482
                                                        },
                                                        "steps_from_proto": {
                                                            "total": 0.41966959938872606,
                                                            "count": 1295,
                                                            "is_parallel": true,
                                                            "self": 0.1983310003997758,
                                                            "children": {
                                                                "_process_rank_one_or_two_observation": {
                                                                    "total": 0.22133859898895025,
                                                                    "count": 7770,
                                                                    "is_parallel": true,
                                                                    "self": 0.22133859898895025
                                                                }
                                                            }
                                                        }
                                                    }
                                                }
                                            }
                                        }
                                    }
                                }
                            }
                        },
                        "trainer_advance": {
                            "total": 0.13015490001998842,
                            "count": 1295,
                            "self": 0.026943800156004727,
                            "children": {
                                "process_trajectory": {
                                    "total": 0.10321109986398369,
                                    "count": 1295,
                                    "self": 0.10321109986398369
                                }
                            }
                        }
                    }
                },
                "trainer_threads": {
                    "total": 3.100023604929447e-06,
                    "count": 1,
                    "self": 3.100023604929447e-06
                },
                "TrainerController._save_models": {
                    "total": 0.11892829998396337,
                    "count": 1,
                    "self": 0.012740700040012598,