{
    "name": "root",
    "gauges": {
        "CarImitationLearning.Policy.Entropy.mean": {
            "value": 1.328574538230896,
            "min": 1.2923258543014526,
            "max": 1.328574538230896,
            "count": 3
        },
        "CarImitationLearning.Policy.Entropy.sum": {
            "value": 79725.1015625,
            "min": 77591.2421875,
            "max": 79725.1015625,
            "count": 3
        },
        "CarImitationLearning.Step.mean": {
            "value": 179992.0,
            "min": 59976.0,
            "max": 179992.0,
            "count": 3
        },
        "CarImitationLearning.Step.sum": {
            "value": 179992.0,
            "min": 59976.0,
            "max": 179992.0,
            "count": 3
        },
        "CarImitationLearning.Policy.ExtrinsicValueEstimate.mean": {
            "value": -4.212248802185059,
            "min": -4.212248802185059,
            "max": 15.712918281555176,
            "count": 3
        },
        "CarImitationLearning.Policy.ExtrinsicValueEstimate.sum": {
            "value": -4031.1220703125,
            "min": -4031.1220703125,
            "max": 15021.5498046875,
            "count": 3
        },
        "CarImitationLearning.Policy.GailValueEstimate.mean": {
            "value": 183.5289306640625,
            "min": 43.88457107543945,
            "max": 183.5289306640625,
            "count": 3
        },
        "CarImitationLearning.Policy.GailValueEstimate.sum": {
            "value": 175637.1875,
            "min": 41953.6484375,
            "max": 175637.1875,
            "count": 3
        },
        "CarImitationLearning.Environment.EpisodeLength.mean": {
            "value": 1504.0,
            "min": 1504.0,
            "max": 1504.025641025641,
            "count": 3
        },
        "CarImitationLearning.Environment.EpisodeLength.sum": {
            "value": 60160.0,
            "min": 58657.0,
            "max": 60160.0,
            "count": 3
        },
        "CarImitationLearning.Environment.CumulativeReward.mean": {
            "value": -34.73750296831131,
            "min": -34.73750296831131,
            "max": 0.0,
            "count": 3
        },
        "CarImitationLearning.Environment.CumulativeReward.sum": {
            "value": -1389.5001187324524,
            "min": -1389.5001187324524,
            "max": 0.0,
            "count": 3
        },
        "CarImitationLearning.Policy.ExtrinsicReward.mean": {
            "value": -17.368751484155656,
            "min": -17.368751484155656,
            "max": 0.0,
            "count": 3
        },
        "CarImitationLearning.Policy.ExtrinsicReward.sum": {
            "value": -694.7500593662262,
            "min": -694.7500593662262,
            "max": 0.0,
            "count": 3
        },
        "CarImitationLearning.Policy.GailReward.mean": {
            "value": 4248.217974164663,
            "min": 431.0664842037293,
            "max": 4248.217974164663,
            "count": 3
        },
        "CarImitationLearning.Policy.GailReward.sum": {
            "value": 169928.71896658652,
            "min": 16811.592883945443,
            "max": 169928.71896658652,
            "count": 3
        },
        "CarImitationLearning.Losses.PolicyLoss.mean": {
            "value": 0.13225054480910498,
            "min": 0.07152724038331174,
            "max": 0.13225054480910498,
            "count": 3
        },
        "CarImitationLearning.Losses.PolicyLoss.sum": {
            "value": 3.835265799464044,
            "min": 2.0742899711160403,
            "max": 3.835265799464044,
            "count": 3
        },
        "CarImitationLearning.Losses.ValueLoss.mean": {
            "value": 724.0578006510034,
            "min": 22.322564784614816,
            "max": 724.0578006510034,
            "count": 3
        },
        "CarImitationLearning.Losses.ValueLoss.sum": {
            "value": 20997.6762188791,
            "min": 625.0318139692148,
            "max": 20997.6762188791,
            "count": 3
        },
        "CarImitationLearning.Policy.LearningRate.mean": {
            "value": 0.00025529704593547236,
            "min": 0.00025529704593547236,
            "max": 0.00029099385300205,
            "count": 3
        },
        "CarImitationLearning.Policy.LearningRate.sum": {
            "value": 0.007403614332128699,
            "min": 0.007403614332128699,
            "max": 0.0081478278840574,
            "count": 3
        },
        "CarImitationLearning.Policy.Epsilon.mean": {
            "value": 0.18509901034482762,
            "min": 0.18509901034482762,
            "max": 0.19699795000000003,
            "count": 3
        },
        "CarImitationLearning.Policy.Epsilon.sum": {
            "value": 5.367871300000001,
            "min": 5.367871300000001,
            "max": 5.5419069,
            "count": 3
        },
        "CarImitationLearning.Policy.Beta.mean": {
            "value": 0.008511391133448275,
            "min": 0.008511391133448275,
            "max": 0.009700095205,
            "count": 3
        },
        "CarImitationLearning.Policy.Beta.sum": {
            "value": 0.24683034287,
            "min": 0.24683034287,
            "max": 0.27160266574,
            "count": 3
        },
        "CarImitationLearning.Policy.GAILPolicyEstimate.mean": {
            "value": 0.32725382113842627,
            "min": 0.23865444807162786,
            "max": 0.32725382113842627,
            "count": 3
        },
        "CarImitationLearning.Policy.GAILPolicyEstimate.sum": {
            "value": 9.490360813014362,
            "min": 6.920978994077208,
            "max": 9.490360813014362,
            "count": 3
        },
        "CarImitationLearning.Policy.GAILExpertEstimate.mean": {
            "value": 0.7069366588390428,
            "min": 0.7069366588390428,
            "max": 0.8029380396964412,
            "count": 3
        },
        "CarImitationLearning.Policy.GAILExpertEstimate.sum": {
            "value": 20.50116310633224,
            "min": 20.50116310633224,
            "max": 22.482265111500354,
            "count": 3
        },
        "CarImitationLearning.Losses.GAILLoss.mean": {
            "value": 6.971322961432602,
            "min": 0.8803584734754016,
            "max": 6.971322961432602,
            "count": 3
        },
        "CarImitationLearning.Losses.GAILLoss.sum": {
            "value": 202.16836588154544,
            "min": 24.650037257311247,
            "max": 202.16836588154544,
            "count": 3
        },
        "CarImitationLearning.Policy.GAILGradMagLoss.mean": {
            "value": 6.351690403496226,
            "min": 2.4457256504462968,
            "max": 6.553302541752124,
            "count": 3
        },
        "CarImitationLearning.Policy.GAILGradMagLoss.sum": {
            "value": 184.19902170139056,
            "min": 70.9260438629426,
            "max": 184.19902170139056,
            "count": 3
        },
        "CarImitationLearning.Losses.PretrainingLoss.mean": {
            "value": 0.0,
            "min": 0.0,
            "max": 126.12153031249944,
            "count": 3
        },
        "CarImitationLearning.Losses.PretrainingLoss.sum": {
            "value": 0.0,
            "min": 0.0,
            "max": 3531.4028487499845,
            "count": 3
        },
        "CarImitationLearning.IsTraining.mean": {
            "value": 1.0,
            "min": 1.0,
            "max": 1.0,
            "count": 3
        },
        "CarImitationLearning.IsTraining.sum": {
            "value": 1.0,
            "min": 1.0,
            "max": 1.0,
            "count": 3
        }
    },
    "metadata": {
        "timer_format_version": "0.1.0",
        "start_time_seconds": "1702310662",
        "python_version": "3.10.3 (tags/v3.10.3:a342a49, Mar 16 2022, 13:07:40) [MSC v.1929 64 bit (AMD64)]",