{"count":1,"self":1755.4683903999999,"total":1974.5304442,"children":{"InitializeActuators":{"count":1,"self":0.0009966,"total":0.0009966,"children":null},"InitializeSensors":{"count":1,"self":0.0029909,"total":0.0029909,"children":null},"AgentSendState":{"count":209276,"self":4.6017892,"total":6.7885254999999995,"children":{"CollectObservations":{"count":41856,"self":0.244104,"total":0.244104,"children":null},"WriteActionMask":{"count":41856,"self":0.0670317,"total":0.0670317,"children":null},"RequestDecision":{"count":41856,"self":0.32203879999999996,"total":1.8756007,"children":{"AgentInfo.ToProto":{"count":41856,"self":0.32636309999999996,"total":1.5535618999999998,"children":{"GenerateSensorData":{"count":41856,"self":1.0719348,"total":1.2271988,"children":{"RayPerceptionSensor.Perceive":{"count":83712,"self":0.15526399999999999,"total":0.15526399999999999,"children":null}}}}}}}}},"DecideAction":{"count":209276,"self":211.32021759999998,"total":211.3202173,"children":null},"AgentAct":{"count":209276,"self":0.90740239999999994,"total":0.90740239999999994,"children":null},"AgentInfo.ToProto":{"count":892,"self":0.0079752,"total":0.0408558,"children":{"GenerateSensorData":{"count":892,"self":0.0278949,"total":0.032880599999999996,"children":{"RayPerceptionSensor.Perceive":{"count":1784,"self":0.0049857,"total":0.0049857,"children":null}}}}}},"gauges":{"My Behavior.CumulativeReward":{"count":892,"max":75.87884,"min":-34.3431664,"runningAverage":47.9087029,"value":-34.3431664,"weightedAverage":27.0704231}},"metadata":{"timer_format_version":"0.1.0","start_time_seconds":"1701440617","unity_version":"2022.3.11f1","command_line_arguments":"C:\\Program Files\\Unity\\Hub\\Editor\\2022.3.11f1\\Editor\\Unity.exe -projectpath F:\\Unity\\KI Abgabe -useHub -hubIPC -cloudEnvironment production -licensingIpc LicenseClient-22max -hubSessionId 553335f0-9035-11ee-80a2-11dd414b97eb -accessToken CcDcYDkmgWnrkNpsQBb82lffyXQga2MOzmwMDvxqCJY008f","communication_protocol_version":"1.5.0","com.unity.ml-agents_version":"2.0.1","scene_name":"TrainingAcceleration","end_time_seconds":"1701442592"}}