{
    "name": "root",
    "metadata": {
        "timer_format_version": "0.1.0",
        "start_time_seconds": "1701439746",
        "python_version": "3.10.3 (tags/v3.10.3:a342a49, Mar 16 2022, 13:07:40) [MSC v.1929 64 bit (AMD64)]",
        "command_line_arguments": "F:\\Unity\\KI Abgabe\\MLvenv\\Scripts\\mlagents-learn --run-id =CarDragRun --time-scale 1",
        "mlagents_version": "1.0.0",
        "mlagents_envs_version": "1.0.0",
        "communication_protocol_version": "1.5.0",
        "pytorch_version": "2.1.1+cpu",
        "numpy_version": "1.21.2",
        "end_time_seconds": "1701439820"
    },
    "total": 74.1523033999838,
    "count": 1,
    "self": 0.006653700023889542,
    "children": {
        "run_training.setup": {
            "total": 0.020326599944382906,
            "count": 1,
            "self": 0.020326599944382906
        },
        "TrainerController.start_learning": {
            "total": 74.12532310001552,
            "count": 1,
            "self": 0.029659399762749672,
            "children": {
                "TrainerController._reset_env": {
                    "total": 13.974258300033398,
                    "count": 1,
                    "self": 13.974258300033398
                },
                "TrainerController.advance": {
                    "total": 59.964561200118624,
                    "count": 1383,
                    "self": 0.031373402336612344,
                    "children": {
                        "env_step": {
                            "total": 59.76869439915754,
                            "count": 1383,
                            "self": 57.45852610014845,
                            "children": {
                                "SubprocessEnvManager._take_step": {
                                    "total": 2.2911173996981233,
                                    "count": 1383,
                                    "self": 0.09047940117307007,
                                    "children": {
                                        "TorchPolicy.evaluate": {
                                            "total": 2.2006379985250533,
                                            "count": 1379,
                                            "self": 2.2006379985250533
                                        }
                                    }
                                },
                                "workers": {
                                    "total": 0.019050899310968816,
                                    "count": 1382,
                                    "self": 0.0,
                                    "children": {
                                        "worker_root": {
                                            "total": 60.30885359819513,
                                            "count": 1382,
                                            "is_parallel": true,
                                            "self": 4.328620001440868,
                                            "children": {
                                                "steps_from_proto": {
                                                    "total": 0.00036069995258003473,
                                                    "count": 1,
                                                    "is_parallel": true,
                                                    "self": 0.0001551997847855091,
                                                    "children": {
                                                        "_process_rank_one_or_two_observation": {
                                                            "total": 0.00020550016779452562,
                                                            "count": 6,
                                                            "is_parallel": true,
                                                            "self": 0.00020550016779452562
                                                        }
                                                    }
                                                },
                                                "UnityEnvironment.step": {
                                                    "total": 55.97987289680168,
                                                    "count": 1382,
                                                    "is_parallel": true,
                                                    "self": 0.12532379757612944,
                                                    "children": {
                                                        "UnityEnvironment._generate_step_input": {
                                                            "total": 0.09838620154187083,
                                                            "count": 1382,
                                                            "is_parallel": true,
                                                            "self": 0.09838620154187083
                                                        },
                                                        "communicator.exchange": {
                                                            "total": 55.241168799228035,
                                                            "count": 1382,
                                                            "is_parallel": true,
                                                            "self": 55.241168799228035
                                                        },
                                                        "steps_from_proto": {
                                                            "total": 0.5149940984556451,
                                                            "count": 1382,
                                                            "is_parallel": true,
                                                            "self": 0.24282549635972828,
                                                            "children": {
                                                                "_process_rank_one_or_two_observation": {
                                                                    "total": 0.27216860209591687,
                                                                    "count": 8292,
                                                                    "is_parallel": true,
                                                                    "self": 0.27216860209591687
                                                                }
                                                            }
                                                        }
                                                    }
                                                }
                                            }
                                        }
                                    }
                                }
                            }
                        },
                        "trainer_advance": {
                            "total": 0.16449339862447232,
                            "count": 1382,
                            "self": 0.037382698617875576,
                            "children": {
                                "process_trajectory": {
                                    "total": 0.12711070000659674,
                                    "count": 1382,
                                    "self": 0.12711070000659674
                                }
                            }
                        }
                    }
                },
                "trainer_threads": {
                    "total": 1.100008375942707e-06,
                    "count": 1,
                    "self": 1.100008375942707e-06
                },
                "TrainerController._save_models": {
                    "total": 0.1568431000923738,
                    "count": 1,
                    "self": 0.012177900178357959,