{
    "name": "root",
    "metadata": {
        "timer_format_version": "0.1.0",
        "start_time_seconds": "1702312975",
        "python_version": "3.10.3 (tags/v3.10.3:a342a49, Mar 16 2022, 13:07:40) [MSC v.1929 64 bit (AMD64)]",
        "command_line_arguments": "F:\\Unity\\KI Abgabe\\MLvenv\\Scripts\\mlagents-learn config/carIL.yaml --run-id =CarPrettyPls --time-scale 1",
        "mlagents_version": "1.0.0",
        "mlagents_envs_version": "1.0.0",
        "communication_protocol_version": "1.5.0",
        "pytorch_version": "2.1.1+cu121",
        "numpy_version": "1.21.2",
        "end_time_seconds": "1702313622"
    },
    "total": 646.2222232000204,
    "count": 1,
    "self": 0.008464900078251958,
    "children": {
        "run_training.setup": {
            "total": 0.07065569999394938,
            "count": 1,
            "self": 0.07065569999394938
        },
        "TrainerController.start_learning": {
            "total": 646.1431025999482,
            "count": 1,
            "self": 0.6616413981537335,
            "children": {
                "TrainerController._reset_env": {
                    "total": 51.318476899992675,
                    "count": 1,
                    "self": 47.602256099984515,
                    "children": {
                        "demo_to_buffer": {
                            "total": 3.716220800008159,
                            "count": 2,
                            "self": 0.00013040000339969993,
                            "children": {
                                "load_demonstration": {
                                    "total": 0.06153840001206845,
                                    "count": 2,
                                    "self": 0.05951180006377399,
                                    "children": {
                                        "read_file": {
                                            "total": 0.0020265999482944608,
                                            "count": 2,
                                            "self": 0.0020265999482944608
                                        }
                                    }
                                },
                                "make_demo_buffer": {
                                    "total": 3.654551999992691,
                                    "count": 2,
                                    "self": 0.4870616972912103,
                                    "children": {
                                        "steps_from_proto": {
                                            "total": 3.1674903027014807,
                                            "count": 18908,
                                            "self": 1.583550008595921,
                                            "children": {
                                                "_process_rank_one_or_two_observation": {
                                                    "total": 1.5839402941055596,
                                                    "count": 113448,
                                                    "self": 1.5839402941055596
                                                }
                                            }
                                        }
                                    }
                                }
                            }
                        }
                    }
                },
                "TrainerController.advance": {
                    "total": 593.8865984017611,
                    "count": 43621,
                    "self": 0.5898769994964823,
                    "children": {
                        "env_step": {
                            "total": 543.3867777053383,
                            "count": 43621,
                            "self": 397.7876771041774,
                            "children": {
                                "SubprocessEnvManager._take_step": {
                                    "total": 145.13074499828508,
                                    "count": 43621,
                                    "self": 2.0668697029468603,
                                    "children": {
                                        "TorchPolicy.evaluate": {
                                            "total": 143.06387529533822,
                                            "count": 43619,
                                            "self": 143.06387529533822
                                        }
                                    }
                                },
                                "workers": {
                                    "total": 0.46835560287581757,
                                    "count": 43620,
                                    "self": 0.0,
                                    "children": {
                                        "worker_root": {
                                            "total": 591.508562712057,
                                            "count": 43620,
                                            "is_parallel": true,
                                            "self": 234.71371761360206,
                                            "children": {
                                                "steps_from_proto": {
                                                    "total": 0.00039650005055591464,
                                                    "count": 1,
                                                    "is_parallel": true,
                                                    "self": 0.00016870006220415235,
                                                    "children": {
                                                        "_process_rank_one_or_two_observation": {
                                                            "total": 0.0002277999883517623,
                                                            "count": 6,
                                                            "is_parallel": true,
                                                            "self": 0.0002277999883517623
                                                        }
                                                    }
                                                },
                                                "UnityEnvironment.step": {
                                                    "total": 356.7944485984044,
                                                    "count": 43620,
                                                    "is_parallel": true,
                                                    "self": 3.0139368000091054,
                                                    "children": {
                                                        "UnityEnvironment._generate_step_input": {
                                                            "total": 2.597209399100393,
                                                            "count": 43620,
                                                            "is_parallel": true,
                                                            "self": 2.597209399100393
                                                        },
                                                        "communicator.exchange": {
                                                            "total": 338.6065610998776,
                                                            "count": 43620,
                                                            "is_parallel": true,
                                                            "self": 338.6065610998776
                                                        },
                                                        "steps_from_proto": {
                                                            "total": 12.576741299417336,
                                                            "count": 43618,
                                                            "is_parallel": true,