{
    "name": "root",
    "gauges": {
        "MyBehavior.Policy.Entropy.mean": {
            "value": 1.4648481607437134,
            "min": 1.4648481607437134,
            "max": 1.4648481607437134,
            "count": 1
        },
        "MyBehavior.Policy.Entropy.sum": {
            "value": 73289.28125,
            "min": 73289.28125,
            "max": 73289.28125,
            "count": 1
        },
        "MyBehavior.Environment.EpisodeLength.mean": {
            "value": 52.0,
            "min": 52.0,
            "max": 52.0,
            "count": 1
        },
        "MyBehavior.Environment.EpisodeLength.sum": {
            "value": 49088.0,
            "min": 49088.0,
            "max": 49088.0,
            "count": 1
        },
        "MyBehavior.Step.mean": {
            "value": 49979.0,
            "min": 49979.0,
            "max": 49979.0,
            "count": 1
        },
        "MyBehavior.Step.sum": {
            "value": 49979.0,
            "min": 49979.0,
            "max": 49979.0,
            "count": 1
        },
        "MyBehavior.Policy.ExtrinsicValueEstimate.mean": {
            "value": 69.04109191894531,
            "min": 69.04109191894531,
            "max": 69.04109191894531,
            "count": 1
        },
        "MyBehavior.Policy.ExtrinsicValueEstimate.sum": {
            "value": 65105.75,
            "min": 65105.75,
            "max": 65105.75,
            "count": 1
        },
        "MyBehavior.Environment.CumulativeReward.mean": {
            "value": -32.55201556144059,
            "min": -32.55201556144059,
            "max": -32.55201556144059,
            "count": 1
        },
        "MyBehavior.Environment.CumulativeReward.sum": {
            "value": -30696.550674438477,
            "min": -30696.550674438477,
            "max": -30696.550674438477,
            "count": 1
        },
        "MyBehavior.Policy.ExtrinsicReward.mean": {
            "value": -32.55201556144059,
            "min": -32.55201556144059,
            "max": -32.55201556144059,
            "count": 1
        },
        "MyBehavior.Policy.ExtrinsicReward.sum": {
            "value": -30696.550674438477,
            "min": -30696.550674438477,
            "max": -30696.550674438477,
            "count": 1
        },
        "MyBehavior.Losses.PolicyLoss.mean": {
            "value": 0.11627446770823252,
            "min": 0.11627446770823252,
            "max": 0.11627446770823252,
            "count": 1
        },
        "MyBehavior.Losses.PolicyLoss.sum": {
            "value": 0.4650978708329301,
            "min": 0.4650978708329301,
            "max": 0.4650978708329301,
            "count": 1
        },
        "MyBehavior.Losses.ValueLoss.mean": {
            "value": 930.4175153891244,
            "min": 930.4175153891244,
            "max": 930.4175153891244,
            "count": 1
        },
        "MyBehavior.Losses.ValueLoss.sum": {
            "value": 3721.670061556498,
            "min": 3721.670061556498,
            "max": 3721.670061556498,
            "count": 1
        },
        "MyBehavior.Policy.LearningRate.mean": {
            "value": 0.000284577005141,
            "min": 0.000284577005141,
            "max": 0.000284577005141,
            "count": 1
        },
        "MyBehavior.Policy.LearningRate.sum": {
            "value": 0.001138308020564,
            "min": 0.001138308020564,
            "max": 0.001138308020564,
            "count": 1
        },
        "MyBehavior.Policy.Epsilon.mean": {
            "value": 0.194859,
            "min": 0.194859,
            "max": 0.194859,
            "count": 1
        },
        "MyBehavior.Policy.Epsilon.sum": {
            "value": 0.779436,
            "min": 0.779436,
            "max": 0.779436,
            "count": 1
        },
        "MyBehavior.Policy.Beta.mean": {
            "value": 0.004743464099999999,
            "min": 0.004743464099999999,
            "max": 0.004743464099999999,
            "count": 1
        },
        "MyBehavior.Policy.Beta.sum": {
            "value": 0.018973856399999996,
            "min": 0.018973856399999996,
            "max": 0.018973856399999996,
            "count": 1
        },
        "MyBehavior.IsTraining.mean": {
            "value": 1.0,
            "min": 1.0,
            "max": 1.0,
            "count": 1
        },
        "MyBehavior.IsTraining.sum": {
            "value": 1.0,
            "min": 1.0,
            "max": 1.0,
            "count": 1
        }
    },
    "metadata": {
        "timer_format_version": "0.1.0",
        "start_time_seconds": "1701694575",
        "python_version": "3.10.3 (tags/v3.10.3:a342a49, Mar 16 2022, 13:07:40) [MSC v.1929 64 bit (AMD64)]",
        "command_line_arguments": "F:\\Unity\\KI Abgabe\\MLvenv\\Scripts\\mlagents-learn --run-id =CarPrettyPlease --time-scale 2",
        "mlagents_version": "1.0.0",
        "mlagents_envs_version": "1.0.0",
        "communication_protocol_version": "1.5.0",
        "pytorch_version": "2.1.1+cpu",
        "numpy_version": "1.21.2",
        "end_time_seconds": "1701696829"
    },
    "total": 2254.3736446999246,
    "count": 1,
    "self": 0.005014199879951775,
    "children": {
        "run_training.setup": {
            "total": 0.01995880005415529,
            "count": 1,
            "self": 0.01995880005415529
        },
        "TrainerController.start_learning": {
            "total": 2254.3486716999905,
            "count": 1,
            "self": 1.6320458113914356,
            "children": {
                "TrainerController._reset_env": {
                    "total": 11.442883900017478,
                    "count": 1,
                    "self": 11.442883900017478
                },
                "TrainerController.advance": {
                    "total": 2241.0673422885593,
                    "count": 86646,
                    "self": 1.5551617693854496,
                    "children": {
                        "env_step": {
                            "total": 2209.140063304105,
                            "count": 86646,
                            "self": 2089.4092794262106,
                            "children": {
                                "SubprocessEnvManager._take_step": {
                                    "total": 118.59178137534764,
                                    "count": 86646,
                                    "self": 4.32898929505609,
                                    "children": {
                                        "TorchPolicy.evaluate": {
                                            "total": 114.26279208029155,
                                            "count": 86646,
                                            "self": 114.26279208029155
                                        }
                                    }
                                },
                                "workers": {
                                    "total": 1.1390025025466457,
                                    "count": 86645,
                                    "self": 0.0,
                                    "children": {
                                        "worker_root": {
                                            "total": 2240.866729902802,
                                            "count": 86645,
                                            "is_parallel": true,
                                            "self": 230.41254878544714,
                                            "children": {
                                                "steps_from_proto": {
                                                    "total": 0.00041199999395757914,
                                                    "count": 1,
                                                    "is_parallel": true,
                                                    "self": 0.0001653999788686633,