{
    "name": "root",
    "metadata": {
        "timer_format_version": "0.1.0",
        "start_time_seconds": "1701439921",
        "python_version": "3.10.3 (tags/v3.10.3:a342a49, Mar 16 2022, 13:07:40) [MSC v.1929 64 bit (AMD64)]",
        "command_line_arguments": "F:\\Unity\\KI Abgabe\\MLvenv\\Scripts\\mlagents-learn --run-id =CarFirstRun --resume --time-scale 1",
        "mlagents_version": "1.0.0",
        "mlagents_envs_version": "1.0.0",
        "communication_protocol_version": "1.5.0",
        "pytorch_version": "2.1.1+cpu",
        "numpy_version": "1.21.2",
        "end_time_seconds": "1701440513"
    },
    "total": 591.7640661000041,
    "count": 1,
    "self": 0.00683009997010231,
    "children": {
        "run_training.setup": {
            "total": 0.03827879996970296,
            "count": 1,
            "self": 0.03827879996970296
        },
        "TrainerController.start_learning": {
            "total": 591.7189572000643,
            "count": 1,
            "self": 0.3339370023459196,
            "children": {
                "TrainerController._reset_env": {
                    "total": 30.075803100015037,
                    "count": 1,
                    "self": 30.075803100015037
                },
                "TrainerController.advance": {
                    "total": 561.1419961977517,
                    "count": 14721,
                    "self": 0.2918082125252113,
                    "children": {
                        "env_step": {
                            "total": 555.9488594889408,
                            "count": 14721,
                            "self": 533.0516991909826,
                            "children": {
                                "SubprocessEnvManager._take_step": {
                                    "total": 22.6770028967876,
                                    "count": 14721,
                                    "self": 0.8638222977751866,
                                    "children": {
                                        "TorchPolicy.evaluate": {
                                            "total": 21.813180599012412,
                                            "count": 14496,
                                            "self": 21.813180599012412
                                        }
                                    }
                                },
                                "workers": {
                                    "total": 0.22015740117058158,
                                    "count": 14720,
                                    "self": 0.0,
                                    "children": {
                                        "worker_root": {
                                            "total": 561.368543296936,
                                            "count": 14720,
                                            "is_parallel": true,
                                            "self": 44.06230510864407,
                                            "children": {
                                                "steps_from_proto": {
                                                    "total": 0.00039460009429603815,
                                                    "count": 1,
                                                    "is_parallel": true,
                                                    "self": 0.0001634999644011259,
                                                    "children": {
                                                        "_process_rank_one_or_two_observation": {
                                                            "total": 0.00023110012989491224,
                                                            "count": 6,
                                                            "is_parallel": true,
                                                            "self": 0.00023110012989491224
                                                        }
                                                    }
                                                },
                                                "UnityEnvironment.step": {
                                                    "total": 517.3058435881976,
                                                    "count": 14720,
                                                    "is_parallel": true,
                                                    "self": 1.350732081453316,
                                                    "children": {
                                                        "UnityEnvironment._generate_step_input": {
                                                            "total": 1.0378363992786035,
                                                            "count": 14720,
                                                            "is_parallel": true,
                                                            "self": 1.0378363992786035
                                                        },
                                                        "communicator.exchange": {
                                                            "total": 509.4609865071252,
                                                            "count": 14720,
                                                            "is_parallel": true,
                                                            "self": 509.4609865071252
                                                        },
                                                        "steps_from_proto": {
                                                            "total": 5.456288600340486,
                                                            "count": 14720,
                                                            "is_parallel": true,
                                                            "self": 2.542016919469461,
                                                            "children": {
                                                                "_process_rank_one_or_two_observation": {
                                                                    "total": 2.9142716808710247,
                                                                    "count": 88320,
                                                                    "is_parallel": true,
                                                                    "self": 2.9142716808710247
                                                                }
                                                            }
                                                        }
                                                    }
                                                }
                                            }
                                        }
                                    }
                                }
                            }
                        },
                        "trainer_advance": {
                            "total": 4.901328496285714,
                            "count": 14720,
                            "self": 0.38043979194480926,
                            "children": {
                                "process_trajectory": {
                                    "total": 1.6873894043965265,
                                    "count": 14720,
                                    "self": 1.6873894043965265
                                },
                                "_update_policy": {
                                    "total": 2.8334992999443784,
                                    "count": 1,
                                    "self": 1.8041444004047662,
                                    "children": {
                                        "TorchPPOOptimizer.update": {
                                            "total": 1.0293548995396122,
                                            "count": 30,