{
    "name": "root",
    "gauges": {
        "SimpleCar.Policy.Entropy.mean": {
            "value": 0.8034849166870117,
            "min": 0.43557673692703247,
            "max": 1.0889514684677124,
            "count": 16
        },
        "SimpleCar.Policy.Entropy.sum": {
            "value": 48263.73046875,
            "min": 26164.22265625,
            "max": 65406.78125,
            "count": 16
        },
        "SimpleCar.Step.mean": {
            "value": 959992.0,
            "min": 59981.0,
            "max": 959992.0,
            "count": 16
        },
        "SimpleCar.Step.sum": {
            "value": 959992.0,
            "min": 59981.0,
            "max": 959992.0,
            "count": 16
        },
        "SimpleCar.Policy.ExtrinsicValueEstimate.mean": {
            "value": 1.8810478448867798,
            "min": 1.11398446559906,
            "max": 1.9807473421096802,
            "count": 16
        },
        "SimpleCar.Policy.ExtrinsicValueEstimate.sum": {
            "value": 1803.9249267578125,
            "min": 1067.1971435546875,
            "max": 1899.5367431640625,
            "count": 16
        },
        "SimpleCar.Policy.GailValueEstimate.mean": {
            "value": 20.439970016479492,
            "min": 11.44543170928955,
            "max": 20.439970016479492,
            "count": 16
        },
        "SimpleCar.Policy.GailValueEstimate.sum": {
            "value": 19601.931640625,
            "min": 10964.7236328125,
            "max": 19601.931640625,
            "count": 16
        },
        "SimpleCar.Losses.PolicyLoss.mean": {
            "value": 0.06742165130976285,
            "min": 0.06426339017416816,
            "max": 0.0708615076643672,
            "count": 16
        },
        "SimpleCar.Losses.PolicyLoss.sum": {
            "value": 1.8203845853635972,
            "min": 1.7351115347025403,
            "max": 1.9132607069379144,
            "count": 16
        },
        "SimpleCar.Losses.ValueLoss.mean": {
            "value": 6.881521437148499,
            "min": 2.9370438874595695,
            "max": 8.23116949815144,
            "count": 16
        },
        "SimpleCar.Losses.ValueLoss.sum": {
            "value": 185.80107880300946,
            "min": 79.30018496140838,
            "max": 214.01040695193743,
            "count": 16
        },
        "SimpleCar.Policy.LearningRate.mean": {
            "value": 2.0896759701111113e-05,
            "min": 2.0896759701111113e-05,
            "max": 0.0002908582184318769,
            "count": 16
        },
        "SimpleCar.Policy.LearningRate.sum": {
            "value": 0.00056421251193,
            "min": 0.00056421251193,
            "max": 0.007562313679228798,
            "count": 16
        },
        "SimpleCar.Policy.Epsilon.mean": {
            "value": 0.10696555555555556,
            "min": 0.10696555555555556,
            "max": 0.19695273846153846,
            "count": 16
        },
        "SimpleCar.Policy.Epsilon.sum": {
            "value": 2.8880700000000004,
            "min": 2.8880700000000004,
            "max": 5.1565584000000015,
            "count": 16
        },
        "SimpleCar.Policy.Beta.mean": {
            "value": 0.0007058590000000002,
            "min": 0.0007058590000000002,
            "max": 0.009695578572307692,
            "count": 16
        },
        "SimpleCar.Policy.Beta.sum": {
            "value": 0.019058193000000005,
            "min": 0.019058193000000005,
            "max": 0.25208504288,
            "count": 16
        },
        "SimpleCar.Policy.GAILPolicyEstimate.mean": {
            "value": 0.17601121030364628,
            "min": 0.08764720298330696,
            "max": 0.17601121030364628,
            "count": 16
        },
        "SimpleCar.Policy.GAILPolicyEstimate.sum": {
            "value": 4.75230267819845,
            "min": 2.3664744805492877,
            "max": 4.75230267819845,
            "count": 16
        },
        "SimpleCar.Policy.GAILExpertEstimate.mean": {
            "value": 0.824097918037361,
            "min": 0.824097918037361,
            "max": 0.9118234415746848,
            "count": 16
        },
        "SimpleCar.Policy.GAILExpertEstimate.sum": {
            "value": 22.250643787008748,
            "min": 21.54423804567368,
            "max": 24.61923292251649,
            "count": 16
        },
        "SimpleCar.Losses.GAILLoss.mean": {
            "value": 0.4768630934276188,
            "min": 0.22969644425618266,
            "max": 0.4768630934276188,
            "count": 16
        },
        "SimpleCar.Losses.GAILLoss.sum": {
            "value": 12.875303522545707,
            "min": 6.201803994916932,
            "max": 12.875303522545707,
            "count": 16
        },
        "SimpleCar.Policy.GAILGradMagLoss.mean": {
            "value": 0.0626529074082054,
            "min": 0.05518096215955578,
            "max": 0.18139491938227026,
            "count": 16
        },
        "SimpleCar.Policy.GAILGradMagLoss.sum": {
            "value": 1.6916285000215456,
            "min": 1.489885978308006,
            "max": 4.716267903939027,
            "count": 16
        },
        "SimpleCar.Losses.PretrainingLoss.mean": {
            "value": 0.0,
            "min": 0.0,
            "max": 0.1817107875510732,
            "count": 16
        },
        "SimpleCar.Losses.PretrainingLoss.sum": {
            "value": 0.0,
            "min": 0.0,
            "max": 4.724480476327903,
            "count": 16
        },
        "SimpleCar.Environment.EpisodeLength.mean": {
            "value": 1500.7,
            "min": 1500.6,
            "max": 1500.7,
            "count": 16
        },
        "SimpleCar.Environment.EpisodeLength.sum": {
            "value": 60028.0,
            "min": 54024.0,
            "max": 60028.0,
            "count": 16
        },
        "SimpleCar.Environment.CumulativeReward.mean": {
            "value": 34.9,
            "min": 20.102564102564102,
            "max": 37.35,
            "count": 16
        },
        "SimpleCar.Environment.CumulativeReward.sum": {
            "value": 1396.0,
            "min": 758.0,
            "max": 1494.0,
            "count": 16
        },
        "SimpleCar.Policy.ExtrinsicReward.mean": {
            "value": 34.9,
            "min": 20.102564102564102,
            "max": 37.35,
            "count": 16
        },
        "SimpleCar.Policy.ExtrinsicReward.sum": {
            "value": 1396.0,
            "min": 758.0,
            "max": 1494.0,
            "count": 16
        },
        "SimpleCar.Policy.GailReward.mean": {
            "value": 433.0735551865422,
            "min": 188.55378804041766,
            "max": 433.0735551865422,
            "count": 16
        },
        "SimpleCar.Policy.GailReward.sum": {
            "value": 17322.94220746169,
            "min": 7353.597733576289,
            "max": 17322.94220746169,
            "count": 16
        },
        "SimpleCar.IsTraining.mean": {
            "value": 1.0,
            "min": 1.0,
            "max": 1.0,
            "count": 16
        },
        "SimpleCar.IsTraining.sum": {
            "value": 1.0,
            "min": 1.0,
            "max": 1.0,
            "count": 16
        }
    },
    "metadata": {
        "timer_format_version": "0.1.0",
        "start_time_seconds": "1702575911",
        "python_version": "3.10.3 (tags/v3.10.3:a342a49, Mar 16 2022, 13:07:40) [MSC v.1929 64 bit (AMD64)]",
        "command_line_arguments": "F:\\Unity\\KI Abgabe\\MLvenv\\Scripts\\mlagents-learn config/sCarIL.yaml --initialize-from =SCCCnp3 --run-id =SCnpUpdated --time-scale 1",
        "mlagents_version": "1.0.0",
        "mlagents_envs_version": "1.0.0",
        "communication_protocol_version": "1.5.0",
        "pytorch_version": "2.1.1+cu121",
        "numpy_version": "1.21.2",
        "end_time_seconds": "1702579245"
    },
    "total": 3333.2492767999975,
    "count": 1,
    "self": 0.01438199999392964,